date_utc,year,launch_site,lat,lon,payload_mass_kg_total,primary_orbit,cores_count,reused_cores_count,landing_type,landed_success,mission_success,flight_number,name,id,payload,payload_mass_kg,orbit,landing_outcome,landing_success
2010-06-04 18:45:00,2010,CCSFS SLC 40,28.5618571,-80.577366,0.0,LEO,1,0,Unknown,,True,6,Falcon 9 Test Flight,5eb87cddffd86e000604b32f,,,,,
2010-12-08 15:43:00,2010,CCSFS SLC 40,28.5618571,-80.577366,0.0,LEO,1,0,Unknown,,True,7,COTS 1,5eb87cdeffd86e000604b330,,,,,
2012-05-22 07:44:00,2012,CCSFS SLC 40,28.5618571,-80.577366,525.0,LEO,1,0,Unknown,,True,8,COTS 2,5eb87cdfffd86e000604b331,,,,,
2012-10-08 00:35:00,2012,CCSFS SLC 40,28.5618571,-80.577366,800.0,ISS,1,0,Unknown,,True,9,CRS-1,5eb87ce0ffd86e000604b332,,,,,
2013-03-01 19:10:00,2013,CCSFS SLC 40,28.5618571,-80.577366,677.0,ISS,1,0,Unknown,,True,10,CRS-2,5eb87ce1ffd86e000604b333,,,,,
2013-09-29 16:00:00,2013,VAFB SLC 4E,34.632093,-120.610829,500.0,PO,1,0,Ocean,False,True,11,CASSIOPE,5eb87ce1ffd86e000604b334,,,,,
2013-12-03 22:41:00,2013,CCSFS SLC 40,28.5618571,-80.577366,3170.0,GTO,1,0,Unknown,,True,12,SES-8,5eb87ce2ffd86e000604b335,,,,,
2014-01-06 18:06:00,2014,CCSFS SLC 40,28.5618571,-80.577366,3325.0,GTO,1,0,Unknown,,True,13,Thaicom 6,5eb87ce3ffd86e000604b336,,,,,
2014-04-18 19:25:00,2014,CCSFS SLC 40,28.5618571,-80.577366,2296.0,ISS,1,0,Ocean,True,True,14,CRS-3,5eb87ce4ffd86e000604b337,,,,,
2014-07-14 15:15:00,2014,CCSFS SLC 40,28.5618571,-80.577366,1316.0,LEO,1,0,Ocean,True,True,15,OG-2 Mission 1,5eb87ce4ffd86e000604b338,,,,,
2014-08-05 08:00:00,2014,CCSFS SLC 40,28.5618571,-80.577366,4535.0,GTO,1,0,Unknown,,True,16,AsiaSat 8,5eb87ce5ffd86e000604b339,,,,,
2014-09-07 05:00:00,2014,CCSFS SLC 40,28.5618571,-80.577366,4428.0,GTO,1,0,Unknown,,True,17,AsiaSat 6,5eb87ce6ffd86e000604b33a,,,,,
2014-09-21 05:52:00,2014,CCSFS SLC 40,28.5618571,-80.577366,2216.0,ISS,1,0,Ocean,False,True,18,CRS-4,5eb87ce7ffd86e000604b33b,,,,,
2015-01-10 09:47:00,2015,CCSFS SLC 40,28.5618571,-80.577366,2395.0,ISS,1,0,ASDS,False,True,19,CRS-5,5eb87ce8ffd86e000604b33c,,,,,
2015-02-11 23:03:00,2015,CCSFS SLC 40,28.5618571,-80.577366,570.0,ES-L1,1,0,Ocean,True,True,20,DSCOVR,5eb87ceaffd86e000604b33d,,,,,
2015-03-02 03:50:00,2015,CCSFS SLC 40,28.5618571,-80.577366,4159.0,GTO,1,0,Unknown,,True,21,ABS-3A / Eutelsat 115W B,5eb87ceaffd86e000604b33e,,,,,
2015-04-14 20:10:00,2015,CCSFS SLC 40,28.5618571,-80.577366,1898.0,ISS,1,0,ASDS,False,True,22,CRS-6,5eb87cecffd86e000604b33f,,,,,
2015-04-27 23:03:00,2015,CCSFS SLC 40,28.5618571,-80.577366,4707.0,GTO,1,0,Unknown,,True,23,TürkmenÄlem 52°E / MonacoSAT,5eb87cedffd86e000604b340,,,,,
2015-06-28 14:21:00,2015,CCSFS SLC 40,28.5618571,-80.577366,2477.0,ISS,1,0,ASDS,,False,24,CRS-7,5eb87ceeffd86e000604b341,,,,,
2015-12-22 01:29:00,2015,CCSFS SLC 40,28.5618571,-80.577366,2034.0,LEO,1,0,RTLS,True,True,25,OG-2 Mission 2,5eb87cefffd86e000604b342,,,,,
2016-01-17 15:42:00,2016,VAFB SLC 4E,34.632093,-120.610829,553.0,PO,1,0,ASDS,False,True,26,Jason 3,5eb87cf0ffd86e000604b343,,,,,
2016-03-04 23:35:00,2016,CCSFS SLC 40,28.5618571,-80.577366,5271.0,GTO,1,0,ASDS,False,True,27,SES-9,5eb87cf2ffd86e000604b344,,,,,
2016-04-08 20:43:00,2016,CCSFS SLC 40,28.5618571,-80.577366,3136.0,ISS,1,0,ASDS,True,True,28,CRS-8,5eb87cf3ffd86e000604b345,,,,,
2016-05-06 05:21:00,2016,CCSFS SLC 40,28.5618571,-80.577366,4696.0,GTO,1,0,ASDS,True,True,29,JCSAT-2B,5eb87cf5ffd86e000604b346,,,,,
2016-05-27 21:39:00,2016,CCSFS SLC 40,28.5618571,-80.577366,3100.0,GTO,1,0,ASDS,True,True,30,Thaicom 8,5eb87cf6ffd86e000604b347,,,,,
2016-06-15 14:29:00,2016,CCSFS SLC 40,28.5618571,-80.577366,3600.0,GTO,1,0,ASDS,False,True,31,ABS-2A / Eutelsat 117W B,5eb87cf8ffd86e000604b348,,,,,
2016-07-18 04:45:00,2016,CCSFS SLC 40,28.5618571,-80.577366,2257.0,ISS,1,0,RTLS,True,True,32,CRS-9,5eb87cf9ffd86e000604b349,,,,,
2016-08-14 05:26:00,2016,CCSFS SLC 40,28.5618571,-80.577366,4600.0,GTO,1,0,ASDS,True,True,33,JCSAT-16,5eb87cfaffd86e000604b34a,,,,,
2016-09-01 13:07:00,2016,CCSFS SLC 40,28.5618571,-80.577366,5500.0,GTO,1,0,ASDS,,False,34,Amos-6,5eb87cfbffd86e000604b34b,,,,,
2017-01-14 17:54:00,2017,VAFB SLC 4E,34.632093,-120.610829,9600.0,PO,1,0,ASDS,True,True,35,Iridium NEXT Mission 1,5eb87cfdffd86e000604b34c,,,,,
2017-02-19 14:39:00,2017,KSC LC 39A,28.6080585,-80.6039558,2490.0,ISS,1,0,RTLS,True,True,36,CRS-10,5eb87cfeffd86e000604b34d,,,,,
2017-03-16 06:00:00,2017,KSC LC 39A,28.6080585,-80.6039558,5600.0,GTO,1,0,Unknown,,True,37,EchoStar 23,5eb87cfeffd86e000604b34e,,,,,
2017-03-30 22:27:00,2017,KSC LC 39A,28.6080585,-80.6039558,5300.0,GTO,1,1,ASDS,True,True,38,SES-10,5eb87d00ffd86e000604b34f,,,,,
2017-05-01 11:15:00,2017,KSC LC 39A,28.6080585,-80.6039558,0.0,LEO,1,0,RTLS,True,True,39,NROL-76,5eb87d01ffd86e000604b350,,,,,
2017-05-15 23:21:00,2017,KSC LC 39A,28.6080585,-80.6039558,6070.0,GTO,1,0,Unknown,,True,40,Inmarsat-5 F4,5eb87d01ffd86e000604b351,,,,,
2017-06-03 21:07:00,2017,KSC LC 39A,28.6080585,-80.6039558,2708.0,ISS,1,0,RTLS,True,True,41,CRS-11,5eb87d03ffd86e000604b352,,,,,
2017-06-23 19:10:00,2017,KSC LC 39A,28.6080585,-80.6039558,3669.0,GTO,1,1,ASDS,True,True,42,BulgariaSat-1,5eb87d04ffd86e000604b353,,,,,
2017-06-25 20:25:00,2017,VAFB SLC 4E,34.632093,-120.610829,9600.0,PO,1,0,ASDS,True,True,43,Iridium NEXT Mission 2,5eb87d05ffd86e000604b354,,,,,
2017-07-05 23:35:00,2017,KSC LC 39A,28.6080585,-80.6039558,6761.0,GTO,1,0,Unknown,,True,44,Intelsat 35e,5eb87d06ffd86e000604b355,,,,,
2017-08-14 16:31:00,2017,KSC LC 39A,28.6080585,-80.6039558,2910.0,ISS,1,0,RTLS,True,True,45,CRS-12,5eb87d07ffd86e000604b356,,,,,
2017-08-24 18:50:00,2017,VAFB SLC 4E,34.632093,-120.610829,475.0,SSO,1,0,ASDS,True,True,46,FormoSat-5,5eb87d08ffd86e000604b357,,,,,
2017-09-07 13:50:00,2017,KSC LC 39A,28.6080585,-80.6039558,4990.0,LEO,1,0,RTLS,True,True,47,Boeing X-37B OTV-5,5eb87d09ffd86e000604b358,,,,,
2017-10-09 12:37:00,2017,VAFB SLC 4E,34.632093,-120.610829,9600.0,PO,1,0,ASDS,True,True,48,Iridium NEXT Mission 3,5eb87d0affd86e000604b359,,,,,
2017-10-11 22:53:00,2017,KSC LC 39A,28.6080585,-80.6039558,5200.0,GTO,1,1,ASDS,True,True,49,SES-11 / Echostar 105,5eb87d0cffd86e000604b35a,,,,,
2017-10-30 19:34:00,2017,KSC LC 39A,28.6080585,-80.6039558,3700.0,GTO,1,0,ASDS,True,True,50,KoreaSat 5A,5eb87d0dffd86e000604b35b,,,,,
2017-12-15 15:36:00,2017,CCSFS SLC 40,28.5618571,-80.577366,2205.0,ISS,1,1,RTLS,True,True,51,CRS-13,5eb87d0effd86e000604b35c,,,,,
2017-12-23 01:27:23,2017,VAFB SLC 4E,34.632093,-120.610829,9600.0,PO,1,1,Ocean,True,True,52,Iridium NEXT Mission 4,5eb87d0fffd86e000604b35d,,,,,
2018-01-08 01:00:00,2018,CCSFS SLC 40,28.5618571,-80.577366,0.0,LEO,1,0,RTLS,True,True,53,ZUMA,5eb87d10ffd86e000604b35e,,,,,
2018-01-31 21:25:00,2018,CCSFS SLC 40,28.5618571,-80.577366,4230.0,GTO,1,1,Ocean,True,True,54,SES-16 / GovSat-1,5eb87d11ffd86e000604b35f,,,,,
2018-02-22 14:17:00,2018,VAFB SLC 4E,34.632093,-120.610829,2150.0,SSO,1,1,Unknown,,True,56,Paz / Starlink Demo,5eb87d14ffd86e000604b361,,,,,
2018-03-06 05:33:00,2018,CCSFS SLC 40,28.5618571,-80.577366,6092.0,GTO,1,0,Unknown,,True,57,Hispasat 30W-6,5eb87d15ffd86e000604b362,,,,,
2018-03-30 14:13:51,2018,VAFB SLC 4E,34.632093,-120.610829,9600.0,PO,1,1,Unknown,,True,58,Iridium NEXT Mission 5,5eb87d16ffd86e000604b363,,,,,
2018-04-02 20:30:41,2018,CCSFS SLC 40,28.5618571,-80.577366,2760.0,ISS,1,1,Unknown,,True,59,CRS-14,5eb87d16ffd86e000604b364,,,,,
2018-04-18 22:51:00,2018,CCSFS SLC 40,28.5618571,-80.577366,350.0,HEO,1,0,ASDS,True,True,60,TESS,5eb87d18ffd86e000604b365,,,,,
2018-05-11 20:14:00,2018,KSC LC 39A,28.6080585,-80.6039558,3750.0,GTO,1,0,ASDS,True,True,61,Bangabandhu-1,5eb87d19ffd86e000604b366,,,,,
2018-05-22 19:47:58,2018,VAFB SLC 4E,34.632093,-120.610829,5460.0,PO,1,1,Unknown,,True,62,Iridium NEXT Mission 6,5eb87d1affd86e000604b367,,,,,
2018-06-04 04:45:00,2018,CCSFS SLC 40,28.5618571,-80.577366,5383.85,GTO,1,1,Unknown,,True,63,SES-12,5eb87d1bffd86e000604b368,,,,,
2018-06-29 09:42:00,2018,CCSFS SLC 40,28.5618571,-80.577366,2410.0,ISS,1,1,Unknown,,True,64,CRS-15,5eb87d1cffd86e000604b369,,,,,
2018-07-22 05:50:00,2018,CCSFS SLC 40,28.5618571,-80.577366,7076.0,GTO,1,0,ASDS,True,True,65,Telstar 19V,5eb87d1effd86e000604b36a,,,,,
2018-07-25 11:39:26,2018,VAFB SLC 4E,34.632093,-120.610829,9600.0,PO,1,0,ASDS,True,True,66,Iridium NEXT Mission 7,5eb87d1fffd86e000604b36b,,,,,
2018-08-07 05:18:00,2018,CCSFS SLC 40,28.5618571,-80.577366,5800.0,GTO,1,1,ASDS,True,True,67,Merah Putih,5eb87d20ffd86e000604b36c,,,,,
2018-09-10 04:45:00,2018,CCSFS SLC 40,28.5618571,-80.577366,7060.0,GTO,1,0,ASDS,True,True,68,Telstar 18V,5eb87d22ffd86e000604b36d,,,,,
2018-10-08 02:22:00,2018,VAFB SLC 4E,34.632093,-120.610829,2800.0,SSO,1,1,RTLS,True,True,69,SAOCOM 1A,5eb87d23ffd86e000604b36e,,,,,
2018-11-15 20:46:00,2018,KSC LC 39A,28.6080585,-80.6039558,3000.0,GTO,1,1,ASDS,True,True,70,Es’hail 2,5eb87d24ffd86e000604b36f,,,,,
2018-12-03 18:34:00,2018,VAFB SLC 4E,34.632093,-120.610829,4000.0,SSO,1,1,ASDS,True,True,71,SSO-A,5eb87d25ffd86e000604b370,,,,,
2018-12-05 18:16:00,2018,CCSFS SLC 40,28.5618571,-80.577366,2573.0,ISS,1,0,RTLS,False,True,72,CRS-16,5eb87d26ffd86e000604b371,,,,,
2018-12-23 13:51:00,2018,CCSFS SLC 40,28.5618571,-80.577366,4400.0,MEO,1,0,Unknown,,True,73,GPS III SV01,5eb87d27ffd86e000604b372,,,,,
2019-01-11 15:31:00,2019,VAFB SLC 4E,34.632093,-120.610829,9600.0,PO,1,1,ASDS,True,True,74,Iridium NEXT Mission 8,5eb87d28ffd86e000604b373,,,,,
2019-02-22 01:45:00,2019,CCSFS SLC 40,28.5618571,-80.577366,5645.0,GTO,1,1,ASDS,True,True,75,Nusantara Satu (PSN-6) / S5 / Beresheet,5eb87d2affd86e000604b374,,,,,
2019-03-02 07:45:00,2019,KSC LC 39A,28.6080585,-80.6039558,12259.0,ISS,1,0,ASDS,True,True,76,CCtCap Demo Mission 1,5eb87d2bffd86e000604b375,,,,,
2019-05-04 06:48:00,2019,CCSFS SLC 40,28.5618571,-80.577366,2482.0,ISS,1,0,ASDS,True,True,78,CRS-17,5eb87d2effd86e000604b377,,,,,
2019-05-24 02:30:00,2019,CCSFS SLC 40,28.5618571,-80.577366,13200.0,VLEO,1,1,ASDS,True,True,79,Starlink v0.9,5eb87d30ffd86e000604b378,,,,,
2019-06-12 14:17:00,2019,VAFB SLC 4E,34.632093,-120.610829,1425.0,SSO,1,1,RTLS,True,True,80,RADARSAT Constellation,5eb87d31ffd86e000604b379,,,,,
2019-07-25 22:01:00,2019,CCSFS SLC 40,28.5618571,-80.577366,2227.7,ISS,1,1,RTLS,True,True,82,CRS-18,5eb87d36ffd86e000604b37b,,,,,
2019-08-06 22:52:00,2019,CCSFS SLC 40,28.5618571,-80.577366,6500.0,GTO,1,1,Unknown,,True,83,Amos-17,5eb87d37ffd86e000604b37c,,,,,
2019-11-11 14:56:00,2019,CCSFS SLC 40,28.5618571,-80.577366,15600.0,VLEO,1,1,ASDS,True,True,84,Starlink-1,5eb87d39ffd86e000604b37d,,,,,
2019-12-05 17:29:23,2019,CCSFS SLC 40,28.5618571,-80.577366,5000.0,ISS,1,0,ASDS,True,True,85,CRS-19,5eb87d39ffd86e000604b37e,,,,,
2019-12-17 00:10:00,2019,CCSFS SLC 40,28.5618571,-80.577366,6800.0,GTO,1,1,ASDS,True,True,86,JCSat 18 / Kacific 1,5eb87d3bffd86e000604b37f,,,,,
2020-01-07 02:19:00,2020,CCSFS SLC 40,28.5618571,-80.577366,15600.0,VLEO,1,1,ASDS,True,True,87,Starlink-2,5eb87d3cffd86e000604b380,,,,,
2020-01-19 14:00:00,2020,KSC LC 39A,28.6080585,-80.6039558,0.0,SO,1,1,Unknown,,True,88,Crew Dragon In Flight Abort Test,5eb87d3dffd86e000604b381,,,,,
2020-01-29 14:06:00,2020,CCSFS SLC 40,28.5618571,-80.577366,15600.0,VLEO,1,1,ASDS,True,True,89,Starlink-3,5eb87d3fffd86e000604b382,,,,,
2020-02-17 15:05:55,2020,CCSFS SLC 40,28.5618571,-80.577366,15600.0,VLEO,1,1,ASDS,False,True,90,Starlink-4,5eb87d41ffd86e000604b383,,,,,
2020-03-07 04:50:31,2020,CCSFS SLC 40,28.5618571,-80.577366,1977.0,ISS,1,1,RTLS,True,True,91,CRS-20,5eb87d42ffd86e000604b384,,,,,
2020-03-18 12:16:00,2020,KSC LC 39A,28.6080585,-80.6039558,15600.0,VLEO,1,1,ASDS,False,True,92,Starlink-5,5eb87d43ffd86e000604b385,,,,,
2020-04-22 19:30:00,2020,KSC LC 39A,28.6080585,-80.6039558,15600.0,VLEO,1,1,ASDS,True,True,93,Starlink-6,5eb87d44ffd86e000604b386,,,,,
2020-05-30 19:22:00,2020,KSC LC 39A,28.6080585,-80.6039558,9525.0,ISS,1,0,ASDS,True,True,94,CCtCap Demo Mission 2,5eb87d46ffd86e000604b388,,,,,
2020-06-04 01:25:00,2020,CCSFS SLC 40,28.5618571,-80.577366,15600.0,VLEO,1,1,ASDS,True,True,95,Starlink-7,5eb87d45ffd86e000604b387,,,,,
2020-06-13 09:21:00,2020,CCSFS SLC 40,28.5618571,-80.577366,15600.0,VLEO,1,1,ASDS,True,True,96,Starlink-8 & SkySat 16-18,5eb87d46ffd86e000604b389,,,,,
2020-06-30 19:55:00,2020,CCSFS SLC 40,28.5618571,-80.577366,3880.0,MEO,1,0,ASDS,True,True,97,GPS III SV03 (Columbus),5eb87d4affd86e000604b38b,,,,,
2020-07-20 21:30:00,2020,CCSFS SLC 40,28.5618571,-80.577366,0.0,GEO,1,1,ASDS,True,True,98,ANASIS-II,5eb87d50ffd86e000604b394,,,,,
2020-08-07 05:12:00,2020,KSC LC 39A,28.6080585,-80.6039558,15712.0,VLEO,1,1,ASDS,True,True,99,Starlink-9 (v1.0) & BlackSky Global 5-6,5ed9819a1f30554030d45c29,,,,,
2020-08-18 14:31:00,2020,CCSFS SLC 40,28.5618571,-80.577366,15600.0,VLEO,1,1,ASDS,True,True,100,Starlink-10 (v1.0) & SkySat 19-21,5ed981d91f30554030d45c2a,,,,,
2020-08-30 23:18:00,2020,CCSFS SLC 40,28.5618571,-80.577366,1600.0,SSO,1,1,RTLS,True,True,101,"SAOCOM 1B, GNOMES-1, Tyvak-0172",5eb87d47ffd86e000604b38a,,,,,
2020-09-03 12:46:00,2020,KSC LC 39A,28.6080585,-80.6039558,15600.0,VLEO,1,1,ASDS,True,True,102,Starlink-11 (v1.0),5ef6a1e90059c33cee4a828a,,,,,
2020-10-06 11:29:00,2020,KSC LC 39A,28.6080585,-80.6039558,15600.0,VLEO,1,1,ASDS,True,True,103,Starlink-12 (v1.0),5ef6a2090059c33cee4a828b,,,,,
2020-10-18 12:25:00,2020,KSC LC 39A,28.6080585,-80.6039558,15600.0,VLEO,1,1,ASDS,True,True,104,Starlink-13 (v1.0),5ef6a2bf0059c33cee4a828c,,,,,
2020-10-24 15:31:00,2020,CCSFS SLC 40,28.5618571,-80.577366,15600.0,VLEO,1,1,ASDS,True,True,105,Starlink-14 (v1.0),5ef6a2e70059c33cee4a8293,,,,,
2020-11-05 23:24:00,2020,CCSFS SLC 40,28.5618571,-80.577366,3681.0,MEO,1,0,ASDS,True,True,106,GPS III SV04 (Sacagawea),5eb87d4cffd86e000604b38d,,,,,
2020-11-16 00:27:00,2020,KSC LC 39A,28.6080585,-80.6039558,0.0,ISS,1,0,ASDS,True,True,107,Crew-1,5eb87d4dffd86e000604b38e,,,,,
2020-11-21 17:17:00,2020,VAFB SLC 4E,34.632093,-120.610829,1440.0,PO,1,0,RTLS,True,True,108,Sentinel-6 Michael Freilich,5ed983aa1f30554030d45c31,,,,,
2020-11-25 02:13:00,2020,CCSFS SLC 40,28.5618571,-80.577366,15600.0,VLEO,1,1,ASDS,True,True,109,Starlink-15 (v1.0),5fb95b3f3a88ae63c954603c,,,,,
2020-12-06 16:17:00,2020,KSC LC 39A,28.6080585,-80.6039558,2972.0,ISS,1,1,ASDS,True,True,110,CRS-21,5eb87d4effd86e000604b391,,,,,
2020-12-13 17:30:00,2020,CCSFS SLC 40,28.5618571,-80.577366,7000.0,GTO,1,1,ASDS,True,True,111,SXM-7,5eb87d4bffd86e000604b38c,,,,,
2020-12-19 14:00:00,2020,KSC LC 39A,28.6080585,-80.6039558,0.0,Unknown,1,1,RTLS,True,True,112,NROL-108,5f8399fb818d8b59f5740d43,,,,,
2021-01-08 02:15:00,2021,CCSFS SLC 40,28.5618571,-80.577366,3500.0,GTO,1,1,ASDS,True,True,113,Turksat 5A,5eb87d4fffd86e000604b393,,,,,
2021-01-20 13:02:00,2021,KSC LC 39A,28.6080585,-80.6039558,15600.0,VLEO,1,1,ASDS,True,True,114,Starlink-16 (v1.0),5fbfecce54ceb10a5664c80a,,,,,
2021-01-24 15:00:00,2021,CCSFS SLC 40,28.5618571,-80.577366,0.0,SSO,1,1,ASDS,True,True,115,Transporter-1,5fd386aa7faea57d297c86c1,,,,,
2021-02-04 06:19:00,2021,CCSFS SLC 40,28.5618571,-80.577366,15600.0,VLEO,1,1,ASDS,True,True,116,Starlink-18 (v1.0),5ff6554f9257f579ee3a6c5f,,,,,
2021-02-16 03:59:00,2021,CCSFS SLC 40,28.5618571,-80.577366,15600.0,VLEO,1,1,ASDS,False,True,117,Starlink-19 (v1.0),600f9a5e8f798e2a4d5f979c,,,,,
2021-03-04 08:24:00,2021,KSC LC 39A,28.6080585,-80.6039558,15600.0,VLEO,1,1,ASDS,True,True,118,Starlink-17 (v1.0),5fbfecfe54ceb10a5664c80b,,,,,
2021-03-11 08:13:00,2021,CCSFS SLC 40,28.5618571,-80.577366,15600.0,VLEO,1,1,ASDS,True,True,119,Starlink-20 (v1.0),600f9a718f798e2a4d5f979d,,,,,
2021-03-14 10:01:00,2021,KSC LC 39A,28.6080585,-80.6039558,15600.0,VLEO,1,1,ASDS,True,True,120,Starlink-21 (v1.0),600f9a8d8f798e2a4d5f979e,,,,,
2021-03-24 08:28:00,2021,CCSFS SLC 40,28.5618571,-80.577366,15600.0,VLEO,1,1,ASDS,True,True,121,Starlink-22 (v1.0),60428aafc041c16716f73cd7,,,,,
2021-04-07 16:34:00,2021,CCSFS SLC 40,28.5618571,-80.577366,15600.0,VLEO,1,1,ASDS,True,True,122,Starlink-23 (v1.0),60428ac4c041c16716f73cd8,,,,,
2021-04-23 09:49:00,2021,KSC LC 39A,28.6080585,-80.6039558,0.0,ISS,1,1,ASDS,True,True,123,Crew-2,5fe3af58b3467846b324215f,,,,,
2021-04-29 03:44:00,2021,CCSFS SLC 40,28.5618571,-80.577366,15600.0,VLEO,1,1,ASDS,True,True,124,Starlink-24 (v1.0),605b4b6aaa5433645e37d03f,,,,,
2021-05-04 19:01:00,2021,KSC LC 39A,28.6080585,-80.6039558,15600.0,VLEO,1,1,ASDS,True,True,125,Starlink-25 (v1.0),605b4b7daa5433645e37d040,,,,,
2021-05-09 06:42:00,2021,CCSFS SLC 40,28.5618571,-80.577366,15600.0,VLEO,1,1,ASDS,True,True,126,Starlink-27 (v1.0),6079bd1c9a06446e8c61bf76,,,,,
2021-05-15 22:54:00,2021,KSC LC 39A,28.6080585,-80.6039558,13632.0,LEO,1,1,ASDS,True,True,127,Starlink-26 (v1.0) + Capella-6 + Tyvak-0130,605b4b95aa5433645e37d041,,,,,
2021-05-26 18:59:00,2021,CCSFS SLC 40,28.5618571,-80.577366,15600.0,VLEO,1,1,ASDS,True,True,128,Starlink-28 (v1.0),6079bd399a06446e8c61bf77,,,,,
2021-06-03 17:29:00,2021,KSC LC 39A,28.6080585,-80.6039558,3328.0,ISS,1,0,ASDS,True,True,129,CRS-22 & IROSA,5fe3af84b3467846b3242161,,,,,
2021-06-06 04:26:00,2021,CCSFS SLC 40,28.5618571,-80.577366,7000.0,GTO,1,1,ASDS,True,True,130,SXM-8,5fe3af6db3467846b3242160,,,,,
2021-06-17 16:09:00,2021,CCSFS SLC 40,28.5618571,-80.577366,3681.0,MEO,1,1,ASDS,True,True,131,GPS III SV05,5eb87d4effd86e000604b390,,,,,
2021-06-30 19:31:00,2021,CCSFS SLC 40,28.5618571,-80.577366,0.0,SSO,1,1,RTLS,True,True,132,Transporter-2,600f9b6d8f798e2a4d5f979f,,,,,
2021-08-29 07:14:00,2021,KSC LC 39A,28.6080585,-80.6039558,0.0,ISS,1,1,ASDS,True,True,133,CRS-23,5fe3b11eb3467846b324216c,,,,,
2021-09-14 03:55:00,2021,VAFB SLC 4E,34.632093,-120.610829,15600.0,PO,1,1,ASDS,True,True,134,Starlink 2-1 (v1.5),60e3bf0d73359e1e20335c37,,,,,
2021-09-16 00:02:00,2021,KSC LC 39A,28.6080585,-80.6039558,0.0,LEO,1,1,ASDS,True,True,135,Inspiration4,607a37565a906a44023e0866,,,,,
2021-11-11 02:03:00,2021,KSC LC 39A,28.6080585,-80.6039558,12519.0,ISS,1,1,ASDS,True,True,136,Crew-3,5fe3b15eb3467846b324216d,,,,,
2021-11-13 12:40:00,2021,CCSFS SLC 40,28.5618571,-80.577366,13260.0,LEO,1,1,ASDS,True,True,137,Starlink 4-1 (v1.5),618faad2563d69573ed8ca9d,,,,,
2021-11-24 06:20:00,2021,VAFB SLC 4E,34.632093,-120.610829,670.0,TLI,1,1,ASDS,True,True,138,DART,5fe3b107b3467846b324216b,,,,,
2021-12-01 23:20:00,2021,CCSFS SLC 40,28.5618571,-80.577366,13260.0,PO,1,1,ASDS,True,True,139,Starlink 4-3 (v1.5),6161c94c6db1a92bfba85349,,,,,
2021-12-09 06:00:00,2021,KSC LC 39A,28.6080585,-80.6039558,330.0,LEO,1,1,ASDS,True,True,140,IXPE,6161c88d6db1a92bfba85348,,,,,
2021-12-18 12:41:40,2021,VAFB SLC 4E,34.632093,-120.610829,13260.0,PO,1,1,ASDS,True,True,141,Starlink 4-4 (v1.5),61bba806437241381bf7061e,,,,,
2021-12-19 03:58:00,2021,CCSFS SLC 40,28.5618571,-80.577366,3500.0,GTO,1,1,ASDS,True,True,142,Türksat 5B,5fe3afc1b3467846b3242164,,,,,
2021-12-21 10:06:00,2021,KSC LC 39A,28.6080585,-80.6039558,0.0,ISS,1,0,ASDS,True,True,143,CRS-24,6161d2006db1a92bfba85356,,,,,
2022-01-06 21:49:00,2022,KSC LC 39A,28.6080585,-80.6039558,13260.0,VLEO,1,1,ASDS,True,True,144,Starlink 4-5 (v1.5),61d5eca1f88e4c5fc91f1eb7,,,,,
2022-01-13 15:25:00,2022,CCSFS SLC 40,28.5618571,-80.577366,0.0,LEO,1,1,RTLS,True,True,145,Transporter-3,61bf3e31cd5ab50b0d936345,,,,,
2022-01-19 00:04:00,2022,KSC LC 39A,28.6080585,-80.6039558,13260.0,VLEO,1,1,ASDS,True,True,146,Starlink 4-6 (v1.5),61e048bbbe8d8b66799018d0,,,,,
2022-01-31 23:11:12,2022,CCSFS SLC 40,28.5618571,-80.577366,2240.0,SSO,1,1,RTLS,True,True,147,CSG-2,6161d32d6db1a92bfba85359,,,,,
2022-02-02 20:18:00,2022,VAFB SLC 4E,34.632093,-120.610829,0.0,LEO,1,0,RTLS,True,True,148,NROL-87,607a34e35a906a44023e085e,,,,,
2022-02-03 18:13:00,2022,KSC LC 39A,28.6080585,-80.6039558,13260.0,VLEO,1,1,ASDS,True,True,149,Starlink 4-7 (v1.5),61e048ffbe8d8b66799018d1,,,,,
2022-02-21 14:44:00,2022,CCSFS SLC 40,28.5618571,-80.577366,13260.0,VLEO,1,1,ASDS,True,True,150,Starlink 4-8 (v1.5),61fc01dae0dc5662b76489a7,,,,,
2022-02-25 17:12:00,2022,VAFB SLC 4E,34.632093,-120.610829,13260.0,VLEO,1,1,ASDS,True,True,151,Starlink 4-11 (v1.5),61fc0203e0dc5662b76489a8,,,,,
2022-03-03 14:35:00,2022,KSC LC 39A,28.6080585,-80.6039558,13260.0,VLEO,1,1,ASDS,True,True,152,Starlink 4-9 (v1.5),61fc0224e0dc5662b76489ab,,,,,
2022-03-09 13:45:00,2022,CCSFS SLC 40,28.5618571,-80.577366,13260.0,VLEO,1,1,ASDS,True,True,153,Starlink 4-10 (v1.5),61fc0243e0dc5662b76489ae,,,,,
2022-03-19 03:24:00,2022,CCSFS SLC 40,28.5618571,-80.577366,13260.0,VLEO,1,1,ASDS,True,True,154,Starlink 4-12 (v1.5),6234908cf051102e1fcedac4,,,,,
2022-04-01 16:24:00,2022,CCSFS SLC 40,28.5618571,-80.577366,0.0,SSO,1,1,ASDS,True,True,155,Transporter-4,6243ad8baf52800c6e919252,,,,,
2022-04-08 15:17:00,2022,KSC LC 39A,28.6080585,-80.6039558,0.0,ISS,1,1,ASDS,True,True,156,Ax-1,61eefaa89eb1064137a1bd73,,,,,
2022-04-17 13:13:00,2022,VAFB SLC 4E,34.632093,-120.610829,0.0,LEO,1,1,RTLS,True,True,157,NROL-85,6243adcaaf52800c6e919254,,,,,
2022-04-21 15:16:00,2022,CCSFS SLC 40,28.5618571,-80.577366,13260.0,VLEO,1,1,ASDS,True,True,158,Starlink 4-14 (v1.5),6243ada6af52800c6e919253,,,,,
2022-04-27 07:52:00,2022,KSC LC 39A,28.6080585,-80.6039558,0.0,ISS,1,1,ASDS,True,True,159,Crew-4,6243ade2af52800c6e919255,,,,,
2022-04-29 21:27:00,2022,CCSFS SLC 40,28.5618571,-80.577366,13260.0,VLEO,1,1,ASDS,True,True,160,Starlink 4-16 (v1.5),62582a6f5988f159024b964b,,,,,
2022-05-06 09:42:00,2022,KSC LC 39A,28.6080585,-80.6039558,13260.0,VLEO,1,1,ASDS,True,True,161,Starlink 4-17 (v1.5),62582a855988f159024b964c,,,,,
2022-05-13 22:07:00,2022,VAFB SLC 4E,34.632093,-120.610829,13260.0,VLEO,1,1,ASDS,True,True,162,Starlink 4-13 (v1.5),6258290d5988f159024b9644,,,,,
2022-05-14 20:40:00,2022,CCSFS SLC 40,28.5618571,-80.577366,13260.0,VLEO,1,0,ASDS,True,True,163,Starlink 4-15 (v1.5),625828f25988f159024b9643,,,,,
2022-05-18 10:40:00,2022,KSC LC 39A,28.6080585,-80.6039558,13260.0,VLEO,1,1,ASDS,True,True,164,Starlink 4-18 (v1.5),62615ebc0ec008379be596fa,,,,,
2022-05-25 18:27:00,2022,CCSFS SLC 40,28.5618571,-80.577366,0.0,SSO,1,1,RTLS,True,True,165,Transporter-5,6243ae24af52800c6e919258,,,,,
2022-06-01 17:08:50,2022,KSC LC 39A,28.6080585,-80.6039558,13260.0,VLEO,1,1,ASDS,True,True,167,Starlink 4-19 (v1.5),6278481757b51b752c5c5a5f,,,,,
2022-06-08 21:04:00,2022,CCSFS SLC 40,28.5618571,-80.577366,3938.0,GEO,1,1,ASDS,True,True,166,Nilesat-301,6243ae0aaf52800c6e919257,,,,,
2022-06-18 14:19:00,2022,VAFB SLC 4E,34.632093,-120.610829,2200.0,SSO,1,1,RTLS,True,True,168,SARah 1,5fe3af43b3467846b324215e,,,,,
2022-06-19 04:27:00,2022,CCSFS SLC 40,28.5618571,-80.577366,700.0,LEO,1,1,ASDS,True,True,169,Globalstar FM15,62a9f08b20413d2695d88711,,,,,
2022-06-29 21:04:00,2022,CCSFS SLC 40,28.5618571,-80.577366,3500.0,MEO,1,1,ASDS,True,True,170,SES-22,6243aea5af52800c6e91925c,,,,,
2022-07-07 13:11:00,2022,CCSFS SLC 40,28.5618571,-80.577366,13260.0,VLEO,1,1,ASDS,True,True,171,Starlink 4-21 (v1.5),62a9f0c920413d2695d88712,,,,,
2022-07-11 01:39:00,2022,VAFB SLC 4E,34.632093,-120.610829,13260.0,VLEO,1,1,ASDS,True,,172,Starlink 3-1 (v1.5),62a9f0e320413d2695d88713,,,,,
2022-07-15 00:44:00,2022,KSC LC 39A,28.6080585,-80.6039558,0.0,ISS,1,1,ASDS,True,True,173,CRS-25,6243ae40af52800c6e919259,,,,,
2022-07-17 14:50:00,2022,CCSFS SLC 40,28.5618571,-80.577366,13260.0,VLEO,1,1,ASDS,True,True,174,Starlink 4-22 (v1.5),62a9f0f820413d2695d88714,,,,,
2022-07-21 17:13:00,2022,VAFB SLC 4E,34.632093,-120.610829,13260.0,VLEO,1,1,ASDS,True,True,175,Starlink 3-2 (v1.5),62a9f10b20413d2695d88715,,,,,
2022-07-24 00:00:00,2022,CCSFS SLC 40,28.5618571,-80.577366,13260.0,VLEO,1,1,ASDS,True,True,176,Starlink 4-25 (v1.5),62a9f12820413d2695d88716,,,,,
2022-08-04 23:08:00,2022,CCSFS SLC 40,28.5618571,-80.577366,678.0,TLI,1,1,ASDS,True,True,177,KPLO,62a9f86420413d2695d88719,,,,,
2022-08-09 22:57:00,2022,KSC LC 39A,28.6080585,-80.6039558,13260.0,VLEO,1,1,ASDS,True,True,178,Starlink 4-26 (v1.5),62a9f8b320413d2695d8871b,,,,,
2022-08-12 21:30:00,2022,VAFB SLC 4E,34.632093,-120.610829,13260.0,VLEO,1,1,ASDS,True,True,179,Starlink 3-3 (v1.5),62f3b4ff0f55c50e192a4e6b,,,,,
2022-08-19 19:24:00,2022,CCSFS SLC 40,28.5618571,-80.577366,13260.0,VLEO,1,1,ASDS,True,True,180,Starlink 4-27 (v1.5),62f3b5200f55c50e192a4e6c,,,,,
2022-08-28 02:22:00,2022,KSC LC 39A,28.6080585,-80.6039558,13260.0,VLEO,1,1,ASDS,True,True,181,Starlink 4-23 (v1.5),62f3b5290f55c50e192a4e6d,,,,,
2022-08-31 05:40:00,2022,VAFB SLC 4E,34.632093,-120.610829,13260.0,VLEO,1,1,ASDS,True,True,182,Starlink 3-4 (v1.5),62f3b53a0f55c50e192a4e6f,,,,,
2022-09-05 02:09:00,2022,CCSFS SLC 40,28.5618571,-80.577366,13440.0,VLEO,1,1,ASDS,True,True,183,Starlink 4-20 (v1.5) & Sherpa LTC-2/Varuna-TDM,62f3b5330f55c50e192a4e6e,,,,,
2022-09-11 01:10:00,2022,KSC LC 39A,28.6080585,-80.6039558,14760.0,VLEO,1,1,ASDS,True,True,184,Starlink 4-2 (v1.5) & Blue Walker 3,62a9f89a20413d2695d8871a,,,,,
2022-09-17 01:05:00,2022,CCSFS SLC 40,28.5618571,-80.577366,13260.0,VLEO,1,1,ASDS,True,True,185,Starlink 4-34 (v1.5),63161329ffc78f3b8567070b,,,,,
2022-09-24 23:30:00,2022,CCSFS SLC 40,28.5618571,-80.577366,13260.0,VLEO,1,1,ASDS,True,True,186,Starlink 4-35 (v1.5),63161339ffc78f3b8567070c,,,,,
2022-10-05 16:00:00,2022,KSC LC 39A,28.6080585,-80.6039558,0.0,ISS,1,0,ASDS,True,True,187,Crew-5,62dd70d5202306255024d139,,,,,
2022-10-20 14:50:00,2022,CCSFS SLC 40,28.5618571,-80.577366,13260.0,VLEO,1,0,Unknown,,,188,Starlink 4-36 (v1.5),63161345ffc78f3b8567070d,,,,,
2022-11-01 00:00:00,2022,CCSFS SLC 40,28.5618571,-80.577366,5100.0,MEO,1,0,Unknown,,,196,"O3b mPower 1,2",6243ba08af52800c6e919270,,,,,
2022-12-01 00:00:00,2022,VAFB SLC 4E,34.632093,-120.610829,0.0,PO,1,0,Unknown,,,199,TTL-1,63161384ffc78f3b8567070e,,,,,
2022-12-01 00:00:00,2022,CCSFS SLC 40,28.5618571,-80.577366,0.0,SSO,1,0,Unknown,,,200,WorldView Legion 1 & 2,6243ae58af52800c6e91925a,,,,,
2022-12-01 00:00:00,2022,CCSFS SLC 40,28.5618571,-80.577366,5100.0,MEO,1,0,Unknown,,,203,O3b mPower 3.4,6243ae7daf52800c6e91925b,,,,,
